,text
0,"['32cm euro top mattress - king', 'savannah grey bed frame fabric gas lift storage', 'azalea led bed frame pu leather gas lift storage - black king']"
0,[]
0,"['hamar plant stand', 'ash', 'plant']"
0,['']
0,"['alexander 3 seater sofa', 'simja 6 piece alfresco setting', 'recycled pine tv cabinet', 'yukon 2 .', '##m dining table']"
0,"['side chair', 'side chair']"
0,"['home beach chairs', '##er beach chairs', 'head rest', '##er beach chairs', 'head rest']"
0,"['howard miller niagara bar', 'howard miller niagara bar', 'howard miller', 'niagara']"
0,"['', '', '', '']"
0,[]
0,[]
0,"['##ural ebonized credenza with', 'leafed front']"
0,['']
0,"['sp', '', 'mu', 'glass spikes', '##nik chan', '', 'spikes']"
0,"['sofa sets', 'classic leather sofa', 'classic leather sofa', 'classic leather chair']"
0,[]
0,[]
0,[]
0,['bench cushions']
0,[]
0,[]
0,[]
0,[]
0,"['bench', 'table', 'bench', 'bench', 'table']"
0,[]
0,['']
0,['']
0,[]
0,['##os chair']
0,"['wishbone y dining chair', 'wishbone y chair', 'wishbone chair']"
0,[]
0,[]
0,[]
0,[]
0,[]
0,[]
0,[]
0,[]
0,"['sofa', 'sofa', 'sofa', 'sofa', 'sofa', 'sofa', 'sofa', 'sofa']"
0,[]
0,"['', 'rhinestone napkin rings', 'baby shower', '', 'rhinestone napkin rings', 'baby shower', 'satin', '', 'rhinestone napkin']"
0,[]
0,[]
0,[]
0,"['river', 'river']"
0,['']
0,"['b', '##i wall', '', 'b', '##i wall']"
0,['bertha']
0,[]
0,['warwick dining table']
0,[]
0,[]
0,[]
0,[]
0,[]
0,[]
0,[]
0,['portable bar']
0,[]
0,[]
0,['home park slope desk park slope desk']
0,['products sofa chair bed table cabinet']
0,[]
0,"['', '', 'buffet', '', 'buffet']"
0,['']
0,[]
0,"['dining', '', 'bed', 'bed']"
0,[]
0,[]
0,[]
0,['']
0,"['beetle', 'pacha lounge chair']"
0,"['cesar gold console table', 'cesar console table']"
0,[]
0,['']
0,[]
0,[]
0,[]
0,[]
0,['']
0,[]
0,[]
0,[]
0,[]
0,"['colosso woven neo', '##ne hand knotted', '']"
0,[]
0,[]
0,['']
0,[]
0,[]
0,[]
0,[]
0,['']
0,[]
0,[]
0,[]
0,"['chunk', 'back', 'chair', 'extending table']"
0,['2 drawer nightstand']
0,['']
0,"['swan fixed', '##lining 2', 'sofa', 'sofa', 'sofa', 'sofa']"
0,[]
0,['solid baha boutique open wardrobe']
0,"['colonial robe', 'colonial - robe australian made colonial robe']"
0,"['buffet adele coffee table', 'lamp table', '', '', 'power', '', 'buffet']"
0,['']
0,[]
0,[]
0,"['oak', 'viaduct', 'oak', '', 'oak', 'ash', 'viaduct', '', 'walnut', 'viaduct', 'walnut', '', 'walnut', '', 'viaduct']"
0,['']
0,"['erica park bench erica park bench', 'erica wooden']"
0,[]
0,[]
0,"['', '', '']"
0,"['', '', '', '', '']"
0,[]
0,"['stripe', 'stripe', 'dot', 'dot', 'fern', 'tweed']"
0,[]
0,[]
0,[]
0,['']
0,[]
0,[]
0,[]
0,"['arm chair disposal', '']"
0,[]
0,[]
0,"['verona chair verona chair', 'chair']"
0,[]
0,['wide console desk']
0,[]
0,[]
0,[]
0,"['', '']"
0,[]
0,[]
0,"['chesterfield diamante bed frame crushed velvet', 'chesterfield diamante bed frame crushed velvet']"
0,['']
0,[]
0,[]
0,[]
0,[]
0,['']
0,['']
0,"['', '', '##nen tulip table', 'side chair', '', '##nen tulip table', 'side chair']"
0,"['yellow leaf hammocks gift card', '', 'gift card', '', 'gift card', '']"
0,"['fish brick', 'brick']"
0,[]
0,"['western bar stool', 'chisum western bar stool', 'western cowhide chisum bar stool', '##nda chisum tufted leather bar stool', '##mie western chisum bar stool']"
0,['apex study table']
0,"['b', '##heim gold end table b', '##heim gold end table', '##xagon savoy accent table small', '##xagon savoy accent table', '##gon savoy accent table', '##gon savoy accent table', '##go leaf design', 'table', '##go leaf design', 'table']"
0,[]
0,[]
0,"['solid oak four poster bed', '']"
0,[]
0,[]
0,['oak']
0,[]
0,[]
0,[]
0,[]
0,[]
0,"['', '']"
0,[]
0,[]
0,[]
0,['dining table bench frame steel table pedestal legs']
0,[]
0,[]
0,[]
0,[]
0,['']
0,[]
0,[]
0,[]
0,[]
0,[]
0,[]
0,[]
0,"['white polar bear lounge swivel chair white bear , fluffy lounge swivel chair', '']"
0,['']
0,['']
0,[]
0,[]
0,[]
0,[]
0,[]
0,[]
0,[]
0,[]
0,[]
0,[]
0,"['sectional', 'ottoman convertible sleeper', 'ottoman', 'sectional', 'matching ottoman', 'denton sleeper sectional', 'dorris sectional']"
0,[]
0,"['kitson corner sofa bed', 'brighton velvet sofa bed', 'nico green sofa bed', 'vogue leather sofa bed']"
0,[]
0,[]
0,[]
0,[]
0,[]
0,[]
0,[]
0,"['sectional sofa', 'sectional sofa']"
0,"['beak bird', 'beak bird', 'beak bird', '', 'beak bird', '']"
0,"['pop bench', 'oak bench', 'seat']"
0,['mattress']
0,[]
0,[]
0,[]
0,['modern']
0,[]
0,['chain']
0,['molloy chair']
0,['']
0,[]
0,[]
0,[]
0,[]
0,"['cards gift', '##j living gift card', '##j living gift card', 'living gift card', 'living gift card', 'living gift card', 'living gift card', 'living gift card', 'home codolar outdoor lounge chair', 'tea']"
0,"['dining tables dining', 'ren round dining table stellar works', '', 'aqua table', 'taylor dining table stellar works', 'a - joint round table']"
0,[]
0,[]
0,[]
0,"['rustic two tone gathering table', 'bars', '', 'butterfly leaf', 'rustic', 'bars', '']"
0,[]
0,[]
0,[]
0,['tip table']
0,['big cay desk big cay desk']
0,['']
0,['']
0,['']
0,[]
0,['']
0,[]
0,[]
0,[]
0,['westlake queen storage bed westlake queen storage bed']
0,[]
0,[]
0,[]
0,[]
0,[]
0,[]
0,"['dining allegra dining table', 'chairs', 'madrid dining table slate', 'zenith dining collection', 'guama dining table', '', 'tabatha dining table & 4 chair set', 'mandarin dining table', 'theo extendible dining table', 'pablo bedroom - wen']"
0,[]
0,[]
0,[]
0,[]
0,[]
0,[]
0,[]
0,[]
0,[]
0,"['costa adjustable bars', '##ol costa adjustable bars', '']"
0,"['side table', 'table']"
0,[]
0,[]
0,[]
0,['']
0,"['##sh mckee 6', 'set']"
0,[]
0,['']
0,['card']
0,[]
0,[]
0,"['canadian modern lounge chairs', 'modern lounge']"
0,[]
0,[]
0,[]
0,[]
0,[]
0,[]
0,[]
0,['']
0,"['lulu dining chair', '', '', 'alexander teak coffee table', 'ottoman small', 'ottoman small', 'james exterior trolley', 'james exterior trolley']"
0,[]
0,"['barrel bar', 'barrel bar']"
0,"['ch24 wishbone chair', '', '']"
0,"['gray floating tv stand', 'center', 'eco geo lakewood gray floating tv stand entertainment center', '', 'floating', 'stand']"
0,[]
0,['']
0,[]
0,[]
0,[]
0,['gift']
0,[]
0,['armchair']
0,[]
0,[]
0,[]
0,[]
0,['ottoman']
0,[]
0,"['##bo st', 'desk', 'table']"
0,[]
0,['']
0,[]
0,"['sofa', 'sofa']"
0,"['vanity bo', '', '##us alice', 'table']"
0,[]
0,"['##nsen teak bench', '']"
0,"['milan side table milan side table', 'side']"
0,[]
0,[]
0,[]
0,"['diamond adjustable galaxy adjustable luoto adjustable silk adjustable silk skirt', 'aida alba allegro alpha alto amanda', '##va arena ariel arizona arthur aspen astor austin bed box bed box windsor bench ness bench rubin bench superior bench', '##r bentley beverly blaze blend bolero boni boom boulevard']"
0,[]
0,['glen mirror']
0,"['pony', 'pony']"
0,"['beatrice navy', 'beatrice navy blue modern bathroom sink vanity']"
0,[]
0,[]
0,[]
0,['']
0,"['', 'high chairs']"
0,[]
0,[]
0,[]
0,"['home', 'string weave timber stool hudson furniture string weave timber stool', 'string weave stool']"
0,[]
0,[]
0,[]
0,[]
0,[]
0,[]
0,['']
0,[]
0,"['', '', '', 'head', '', '']"
0,[]
0,[]
0,[]
0,"['scandinavian bali teak bench', 'scandinavian bali teak bench', '', 'bali teak bench', '']"
0,[]
0,[]
0,[]
0,[]
0,[]
0,[]
0,"['teak side coffee table', 'sweden teak side coffee table', '', 'teak side coffee table', 'side table']"
0,"['scandinavian lamp table tws889lt - 000 - ta - lp', 'scandinavian lamp table tws889lt - 000 - ta - lp', '', 'scandinavian teak lamp table tws889lt - 000 - ta - lp']"
0,"['corner', 'stands', 'corner', 'stand', 'corner']"
0,"['sun', '##rst antiqued gold wall mirror', 'two', 'company sun', '##rst antiqued gold wall mirror', 'sun', '##rst antiqued gold wall mirror', 'sun', '', '##d gold wall mirror']"
0,[]
0,"['black chair black chair', 'black chair']"
0,"['- amsterdam 2 drawer bedside table te', 'bs', '##2 ta side table', '', 'bs', '##2 ta side table', '2 drawer bedside']"
0,[]
0,[]
0,"['amsterdam bench', 'amsterdam bench']"
0,"['bar chairs sofa', 'turn chair', 'cross chair tube', 'spoke sofa', 'cross chair', 'curve coat rack', 'turn table', 'cross bar chair tube', 'cross table', 'studio bar stool', 'cross bar chair', 'arc dining table']"
0,"['black mango gift card', 'black mango']"
0,[]
0,"['upton mattress', 'upton mattress', 'double', 'queen', 'king', 'double']"
0,"['##3 modular sofa', 'modular sofa']"
0,[]
0,"['##wood cafe chair', '.', '##net hoffmann cane chair', '##net hoffmann arm']"
0,[]
0,[]
0,[]
0,['']
0,[]
0,[]
0,[]
0,['tabeni coat stand']
0,[]
0,"['', '']"
0,[]
0,"['minimaproject chieut table contemporary low table', '', '##ject chieut table contemporary low table', '- line abra round steel coffee table']"
0,[]
0,"['kaiser box bed', 'plush velvet']"
0,[]
0,[]
0,[]
0,['']
0,[]
0,[]
0,['']
0,"['ikon sofa', 'ikon sofa']"
0,[]
0,['zinolin teak oil']
0,[]
0,['ro armchair ro armchair']
0,[]
0,[]
0,['wooden coffee table']
0,['']
0,"['doll', 'monroe']"
0,[]
0,[]
0,[]
0,[]
0,[]
0,[]
0,"['panel bed', 'ivory velvet', 'bone white king bed versailles', 'acme vintage']"
0,"['##m wardrobe storage', '##m wardrobe storage']"
0,"['2pcs mid', 'century dining chair', '3pcs black', 'white faux leather sofa set', '3pcs camel and dark brown faux leather sofa set w / coffee table']"
0,"['', '']"
0,"['myrtlewood lazy susan', 'myrtle lazy susan']"
0,"['venice teak deep', 'table . sunbrella cushions']"
0,[]
0,"['marble & terrazzo confetti board', 'marble & terrazzo confetti board']"
0,['']
0,"['grasshopper storage bin grasshopper storage bin', 'hopper']"
0,[]
0,[]
0,[]
0,[]
0,[]
0,[]
0,[]
0,[]
0,['']
0,[]
0,[]
0,[]
0,[]
0,[]
0,['mason chair']
0,['']
0,[]
0,[]
0,[]
0,[]
0,[]
0,[]
0,['bedside table']
0,['spinning']
0,[]
0,[]
0,"['', '', '']"
0,[]
0,"['ri', '', '3 drawer executive writing desk', '3', 'executive', 'desk']"
0,[]
0,[]
0,"['naples teak coffee table', 'naples teak coffee table', '', '', 'coffee table']"
0,[]
0,"['asmund outdoor console table', '2 sink set', 'outdoor console table', '2 sink set', '##x console table 2 sink set']"
0,['french victorian lamp table bedside timber bedside table']
0,"['console', '##ft sliding door wardrobe', 'recliner armchair']"
0,[]
0,"['cow leather u shaped sofa', 'u shaped 10 seater sofa', 'cart tita sofa modular']"
0,"['', '']"
0,"['angeles mirror back teak glass display cabinet', '', 'mirror back teak glass display cabinet', 'mirror back']"
0,[]
0,['']
0,[]
0,[]
0,[]
0,[]
0,[]
0,"['clara comfort sleeper sofa', 'langdon comfort sleeper sofa', 'laurel low back office chair with arms', 'wide arm power reclining sectional', 'metz', 'teak top table', 'sophia chair', 'foyer counter stool', 'oleandro counter stool']"
0,['sofa']
0,"['##® saucer® bubble pendant lamp', 'bubble', 'saucer bubble']"
0,[]
0,[]
0,[]
0,"['nova', '##a nova', '', '##i platform bed', '', 'head']"
0,[]
0,"['dining chairs', 'dining tables', '']"
0,"['wall', 'soho hook', 'soho hook']"
0,[]
0,"['', '', '', '', 'hammock hanging hammock fabrics hammock care hammock lying']"
0,[]
0,[]
0,[]
0,['desk']
0,['']
0,"['coco ruffle mirror', 'coco wood', 'coco', '', 'coco']"
0,"['ham', 'ham', 'ham', 'ham', 'ham', 'ham', '##ck type rope ham', 'fabric ham', 'ham', 'ham', 'ham', 'ham']"
0,"['chair', 'chair']"
0,"['kea sofa', 'kea sofa']"
0,"['bean bag hook', 'bean']"
0,"['bean bag hook', 'bean']"
0,[]
0,[]
0,[]
0,[]
0,[]
0,[]
0,"['sofa', 'sofa', 'sofa', 'sofa', 'sofa', 'sofa', 'sofa', 'sofa']"
0,[]
0,[]
0,[]
0,[]
0,['']
0,[]
0,[]
0,[]
0,[]
0,[]
0,['novah desk novah desk']
0,['']
0,['drifting']
0,[]
0,[]
0,[]
0,[]
0,[]
0,"['sofa table', 'sofa table']"
0,[]
0,[]
0,[]
0,[]
0,[]
0,[]
0,[]
0,[]
0,[]
0,[]
0,[]
0,[]
0,[]
0,[]
0,['down']
0,[]
0,[]
0,[]
0,[]
0,[]
0,[]
0,[]
0,[]
0,['desk']
0,"['cushion cover', 'head', 'cushion cover']"
0,[]
0,"['white wood dining table', 'white wood dining table']"
0,[]
0,[]
0,[]
0,"['french round back dining chair', 'french round back dining chair', 'french round back dining chair']"
0,"['oak', 'morris coffee table', 'in']"
0,[]
0,[]
0,[]
0,[]
0,"['', 'coat']"
0,"['home chairs carved outdoor rocking chair', 'carved outdoor rocking chair']"
0,[]
0,"['bar tables tulip fiberglass bar table', 'tulip bar table tulip fiberglass bar table']"
0,[]
0,[]
0,[]
0,"['', '', '', '']"
0,"['mirror', 'arch', 'wall mirror black', '', 'wall mirror', '', 'wall mirror black', 'arch iron']"
0,[]
0,['']
0,[]
0,[]
0,[]
0,[]
0,[]
0,[]
0,[]
0,[]
0,"['luka queen bed', 'luna double dresser', 'luna high chest', 'luna king bed', 'luna nightstand', 'luna queen bed', 'marco double dresser']"
0,[]
0,['retro sofa']
0,['##vera bed']
0,[]
0,[]
0,"['hanging pod chair', 'hanging pod chair']"
0,"['carolina coco newport', '', 'she']"
0,"['grille', 'hollywood stool', 'tulipa low stool']"
0,[]
0,[]
0,[]
0,[]
0,[]
0,[]
0,[]
0,[]
0,['##ona dining table']
0,[]
0,[]
0,[]
0,[]
0,[]
0,[]
0,[]
0,[]
0,[]
0,[]
0,[]
0,"['table 252 table', 'lounge armchair', 'lounge chair', 'chair', 'frame high bar base', 'frame table base', 'round abby bar stool', 'abby', 'acre armchair acre bar stool acre dining chair acre xl armchair adele bedhead adustrial bar table adventure bar stool aegean coffee table agora arc table agora round table']"
0,[]
0,"['ren', 'metamorphic coffee table', '##z metamorphic coffee table']"
0,[]
0,"['s', 'cube s - cube', 'nesting ottoman']"
0,"['yoga monkeys', 'pe', '##n dish', 'monkey', '', 'naughty monkey', 'face plant pot', 'body plant pot', 'flamingo vase']"
0,[]
0,[]
0,[]
0,[]
0,[]
0,[]
0,[]
0,['']
0,[]
0,[]
0,[]
0,[]
0,[]
0,['side tables']
0,"['##so platform bed frame', '', 'solid wood', 'bed frame', '', 'solid wood modern bed frame']"
0,[]
